{
  "0": 0.0002,
  "1": 0.004,
  "2": 0.020218,
  "3": 0.039993,
  "4": 0.03,
  "5": 0.022784,
  "6": 0.0276,
  "7": 0.0244,
  "8": 0.025,
  "9": 0.027
}